,hub_region,hub_sector,hub_id,hub_name,sl_rate,observation_num,mean,lower,upper,range,rider_no
0,HCM,HCM,74,HCM - Cu Chi - SOU - DP,0.93,130,1000.0,1000.0,1100.0,64.69608731217022,28.0
1,HCM,HCM,112,HCM - Binh Thanh 1 - SOU - DP,0.93,119,3600.0,3400.0,3800.0,359.1624104320035,42.0
2,HCM,HCM,116,HCM - District 10 - SOU - DP,0.93,133,3200.0,3100.0,3300.0,263.9666736092531,61.0
3,HCM,HCM,120,HCM - District 9 A - SOU - DP,0.93,56,1700.0,1700.0,1800.0,168.4721482009868,31.0
4,HCM,HCM,125,HCM - District 2 - SOU - DP,0.93,121,2100.0,2000.0,2200.0,167.06570847458363,32.0
5,HCM,HCM,130,HCM - Go Vap A - SOU - DP,0.93,106,6200.0,5900.0,6400.0,524.5841543934403,54.0
6,HCM,HCM,147,HCM - District 7 - SOU - DP,0.93,124,2600.0,2500.0,2700.0,194.87337186736295,48.0
7,HCM,HCM,155,HCM - District 12 A - SOU - DP,0.93,131,1900.0,1900.0,2000.0,138.95770681958356,27.0
8,HCM,HCM,171,HCM - District 6 - SOU - DP,0.93,135,2600.0,2500.0,2700.0,199.29894303908713,54.0
9,HCM,HCM,189,HCM - Fleet - SOU,0.93,53,1300.0,1100.0,1500.0,330.4754449966622,11.0
10,HCM,HCM,199,HCM - Tan Phu 1 - SOU - DP,0.93,125,4300.0,4200.0,4500.0,345.6611630591033,37.0
11,HCM,HCM,201,HCM - Thu Duc 1 - SOU - DP,0.93,128,3500.0,3400.0,3700.0,308.38994978487244,29.0
12,HCM,HCM,203,HCM - District 8 - SOU - DP,0.93,124,2300.0,2200.0,2400.0,153.96433300472927,34.0
13,HCM,HCM,205,HCM - QBT 1 - SOU - DP,0.93,123,3600.0,3500.0,3800.0,253.95405959817344,37.0
14,HCM,HCM,209,HCM - Hoc Mon - SOU - DP,0.93,133,1800.0,1700.0,1900.0,133.11720220668758,36.0
15,HCM,HCM,236,HCM - Phu Nhuan - SOU - DP,0.93,116,3000.0,2900.0,3200.0,233.0336121094233,34.0
16,HCM,HCM,238,HCM - Binh Chanh 2 - SOU - DP,0.93,112,1300.0,1200.0,1300.0,91.59169699230142,30.0
17,HCM,HCM,240,HCM - District 4 - SOU - DP,0.93,125,3100.0,2900.0,3200.0,282.3522227268386,70.0
18,HCM,HCM,242,HCM - Binh Chanh 1 - SOU - DP,0.93,123,900.0,900.0,1000.0,61.40927007484947,20.0
19,HCM,HCM,823,HCM - Tan Binh 1 - SOU - DP,0.93,130,4000.0,3900.0,4200.0,324.92725276337933,60.0
20,HCM,HCM,944,HCM - Can Gio 1 - SOU - DP,0.93,27,100.0,100.0,100.0,20.133721806434778,7.0
21,HCM,HCM,963,HCM - Can Gio 2 - SOU - DP,0.93,12,0.0,0.0,0.0,30.716212165607548,5.0
22,HCM,HCM,1203,HCM - District 12 B - SOU - DP,0.93,132,1100.0,1100.0,1200.0,86.66390232975823,13.0
23,HCM,HCM,1210,HCM - Nha Be - SOU - DP,0.93,102,800.0,800.0,900.0,50.16206453118093,18.0
24,HN,HN,80,HN - LOB - NOR - DP,0.93,131,3100.0,3000.0,3100.0,163.43265764605349,18.0
25,HN,HN,195,HN - Quoc Oai - NOR - SUB 2 - DP,0.93,128,800.0,700.0,800.0,66.92487025812989,8.0
26,HN,HN,216,HN - Ha Dong - NOR - DP,0.93,127,5900.0,5700.0,6100.0,348.0958186480948,34.0
27,HN,HN,222,HN - Hoang Mai 1 - NOR - DP,0.93,128,5300.0,5100.0,5500.0,369.83782163500837,30.0
28,HN,HN,259,HN - Bac Tu Liem - NOR - DP,0.93,130,3700.0,3600.0,3800.0,188.4584935036528,27.0
29,HN,HN,295,HN - Nam Tu Liem - NOR - DP,0.93,126,3500.0,3400.0,3700.0,312.6118799166382,27.0
30,HN,HN,466,HN - Dong Da 1 - NOR - DP,0.93,128,2600.0,2400.0,2700.0,235.6827510982588,28.0
31,HN,HN,518,HN - Main Hub Fleet - NOR,0.93,74,0.0,0.0,100.0,9.70305438730611,1.0
32,HN,HN,789,HN - Dong Anh - NOR - SUB 2 - DP,0.93,132,1700.0,1600.0,1700.0,98.12243493986125,29.0
33,HN,HN,827,HN - Son Tay - NOR - SUB 2 - DP,0.93,132,2000.0,1900.0,2000.0,97.96546025804082,16.0
34,HN,HN,831,HN - Thuong Tin - NOR - SUB 2 - DP,0.93,129,3000.0,2800.0,3100.0,279.6567391476283,20.0
35,HN,HN,835,HN - My Duc - NOR - SUB 2 - DP,0.93,129,1300.0,1300.0,1300.0,74.79133452672613,12.0
36,HN,HN,839,HN - Chuong My - NOR - SUB 2 - DP,0.93,108,800.0,800.0,900.0,45.13909205428013,11.0
37,HN,HN,843,HN - Soc Son - NOR - SUB 2 - DP,0.93,128,1000.0,1000.0,1000.0,44.77321958068933,20.0
38,HN,HN,847,HN - Ba Dinh - NOR - DP,0.93,128,3000.0,2900.0,3200.0,270.5119123568402,29.0
39,HN,HN,851,HN - Hai Ba Trung 1 - NOR - DP,0.93,130,3500.0,3300.0,3800.0,448.12022598191925,32.0
40,HN,HN,855,HN - Thanh Xuan 1 - NOR - DP,0.93,132,3900.0,3700.0,4100.0,360.7970868503164,31.0
41,HN,HN,859,HN - Hoai Duc - NOR - SUB 2 - DP,0.93,132,5100.0,4900.0,5400.0,407.5262345752035,30.0
42,HN,HN,863,HN - Cau Giay 1 - NOR - DP,0.93,127,2800.0,2600.0,2900.0,290.4274146495545,29.0
43,HN,HN,967,HN - Dan Phuong - NOR - SUB 2 - DP,0.93,131,1000.0,900.0,1000.0,90.02040939116523,13.0
44,HN,HN,992,HN - Thanh Oai - NOR - SUB 2 - DP,0.93,134,3300.0,3200.0,3400.0,228.47665524793956,12.0
45,HN,HN,996,HN - Thanh Tri - NOR - SUB 2 - DP,0.93,129,3000.0,2900.0,3100.0,198.06759538540746,22.0
46,HN,HN,1002,HN - Thach That - NOR - SUB 2 - DP,0.93,130,1800.0,1700.0,1800.0,91.56735723822635,17.0
47,HN,HN,1197,HN - Gia Lam - NOR - SUB 2 - DP,0.93,129,3000.0,3000.0,3100.0,178.1346963031915,19.0
48,HN,HN,1204,HN - Hoan Kiem - NOR - DP,0.93,103,1600.0,1500.0,1700.0,182.01870750515673,21.0
49,HN,HN,1209,HN - Cau Giay 2 - NOR - DP,0.93,125,2800.0,2700.0,2900.0,255.48311428675606,43.0
50,HN,HN,1211,HN - Hoang Mai 2 - NOR - DP,0.93,124,3600.0,3500.0,3800.0,300.1535172170434,27.0
51,HN,HN,1214,HN - Me Linh - NOR - SUB 2 - DP,0.93,127,1900.0,1800.0,1900.0,124.97338577008259,13.0
52,HN,HN,1230,HN - Dong Da 2 - NOR - DP,0.93,121,2200.0,2100.0,2300.0,197.64326374262964,25.0
53,HN,HN,1231,HN - Thanh Xuan 2 - NOR - DP,0.93,131,2900.0,2800.0,3000.0,255.16616962795615,21.0
54,North,BTB,141,THH - Thanh Hoa - NOR,0.93,61,1900.0,1800.0,2000.0,284.01206874141576,20.0
55,North,BTB,279,HAT - Ha Tinh - NOR,0.93,27,600.0,600.0,700.0,111.34956548815899,14.0
56,North,BTB,281,NGA - Nghe An - NOR,0.93,49,1200.0,1200.0,1300.0,116.54899361411753,16.0
57,North,BTB,297,QUT - Quang Tri - NOR,0.93,51,200.0,200.0,200.0,83.03926444494564,7.0
58,North,BTB,299,QUB - Quang Binh - NOR,0.93,120,200.0,200.0,200.0,32.9983352102347,4.0
59,North,BTB,301,TTH - Thua Thien Hue - NOR,0.93,91,500.0,500.0,600.0,120.30315967591652,10.0
60,North,BTB,445,THH - Tho Xuan - NOR - SUB 2,0.93,111,500.0,400.0,500.0,34.84723416535155,9.0
61,North,BTB,449,THH - Bim Son - NOR - SUB 2,0.93,51,400.0,400.0,400.0,58.23714795503515,7.0
62,North,BTB,451,THH - Tinh Gia - NOR - SUB 2,0.93,77,600.0,600.0,700.0,118.92898893176925,9.0
63,North,BTB,558,THH - Hoang Hoa - NOR - SUB 2,0.93,63,800.0,700.0,900.0,161.15147439164053,10.0
64,North,BTB,562,QUB - Quang Trach - NOR - SUB 2,0.93,53,100.0,100.0,100.0,24.12292863612415,4.0
65,North,BTB,566,QUB - Le Thuy - NOR - SUB 2,0.93,37,100.0,100.0,200.0,47.3023595376409,5.0
66,North,BTB,606,HAT - Ky Anh - NOR - SUB 2,0.93,10,200.0,100.0,400.0,311.1928758027772,6.0
67,North,BTB,610,HAT - Nghi Xuan - NOR - SUB 2,0.93,110,100.0,100.0,100.0,11.656762310332148,3.0
68,North,BTB,614,QUT - Huong Hoa - NOR - SUB 2,0.93,106,100.0,100.0,100.0,16.031551981602647,5.0
69,North,BTB,618,QUT - Hai Lang - NOR - SUB 2,0.93,51,0.0,0.0,0.0,7.398624668589237,2.0
70,North,BTB,638,QUT - Vinh Linh - NOR - SUB 2,0.93,8,0.0,0.0,0.0,0.4736446512653263,2.0
71,North,BTB,687,TTH - Phu Loc - NOR - SUB 2,0.93,45,100.0,100.0,200.0,59.59283491119316,5.0
72,North,BTB,690,NGA - Hoang Mai - NOR - SUB 2,0.93,79,400.0,400.0,400.0,35.68025867109259,8.0
73,North,BTB,975,QUB - Bo Trach - NOR - SUB 2,0.93,12,100.0,0.0,100.0,59.598575504485844,3.0
74,North,BTB,1022,THH - Nhu Thanh - NOR - SUB 2,0.93,12,100.0,0.0,100.0,54.61366505216211,3.0
75,North,BTB,1023,THH - Thach Thanh - NOR - SUB 2,0.93,52,300.0,200.0,300.0,105.25361636201703,6.0
76,North,BTB,1024,THH - Thuong Xuan - NOR - SUB 2,0.93,42,100.0,100.0,100.0,39.82056113695296,3.0
77,North,BTB,1025,THH - Quan Hoa - NOR - SUB 2,0.93,26,0.0,0.0,0.0,7.257073933748472,2.0
78,North,BTB,1028,THH - Quan Son - NOR - SUB 2,0.93,48,0.0,0.0,0.0,11.132330333544404,2.0
79,North,BTB,1030,THH - Ba Thuoc - NOR - SUB 2,0.93,25,100.0,100.0,100.0,16.2347955585195,3.0
80,North,BTB,1044,HAT - Duc Tho - NOR - SUB 2,0.93,68,100.0,100.0,200.0,25.809878056372106,5.0
81,North,BTB,1045,HAT - Huong Khe - NOR - SUB 2,0.93,24,0.0,0.0,100.0,22.737699273342216,2.0
82,North,BTB,1047,NGA - Tan Ky - NOR - SUB 2,0.93,16,100.0,0.0,100.0,40.53613070303695,2.0
83,North,BTB,1064,NGA - Quy Chau - NOR - SUB 2,0.93,7,0.0,0.0,100.0,21.552699628008707,2.0
84,North,BTB,1079,TTH - Phong Dien - NOR - SUB 2,0.93,39,0.0,0.0,0.0,11.41545848864877,2.0
85,North,BTB,1080,TTH - A Luoi - NOR - SUB 2,0.93,17,0.0,0.0,0.0,11.127098545878404,1.0
86,North,BTB,1081,NGA - Thai Hoa - NOR - SUB 2,0.93,64,100.0,100.0,200.0,30.057654711422483,4.0
87,North,BTB,1083,HAT - Huong Son - NOR - SUB 2,0.93,48,100.0,100.0,100.0,26.284385144149855,2.0
88,North,BTB,1084,THH - Ngoc Lac - NOR - SUB 2,0.93,42,100.0,100.0,100.0,11.811556620998777,3.0
89,North,BTB,1086,NGA - Thanh Chuong - NOR - SUB 2,0.93,36,100.0,100.0,100.0,19.234606697357666,3.0
90,North,BTB,1087,THH - Muong Lat - NOR - SUB 2,0.93,18,0.0,0.0,0.0,13.175759621788375,1.0
91,North,BTB,1089,THH - Lang Chanh - NOR - SUB 2,0.93,69,0.0,0.0,0.0,3.7198519519891766,2.0
92,North,BTB,1106,NGA - Yen Thanh - NOR - SUB 2,0.93,52,400.0,300.0,400.0,114.36704700094415,6.0
93,North,BTB,1107,NGA - Quy Hop - NOR - SUB 2,0.93,38,100.0,100.0,100.0,16.090040234998128,2.0
94,North,BTB,1115,NGA - Anh Son - NOR - SUB 2,0.93,43,100.0,100.0,100.0,8.68729243285424,2.0
95,North,BTB,1116,NGA - Que Phong - NOR - SUB 2,0.93,4,0.0,0.0,0.0,43.71178573806468,2.0
96,North,BTB,1131,NGA - Con Cuong - NOR - SUB 2,0.93,43,0.0,0.0,0.0,14.668474750718158,2.0
97,North,BTB,1132,NGA - Tuong Duong - NOR - SUB 2,0.93,12,0.0,0.0,0.0,17.309478161469546,2.0
98,North,BTB,1165,NGA - Ky Son - NOR - SUB 2,0.93,13,0.0,0.0,0.0,13.20523100643583,1.0
99,North,BTB,1187,NGA - Cua Lo - NOR - SUB 2,0.93,65,100.0,100.0,100.0,12.058393137516873,3.0
100,North,BTB,1208,NGA - Nghi Loc - NOR - SUB 2,0.93,38,100.0,100.0,200.0,59.20206900284654,6.0
101,North,BTB,1248,NGA - Dien Chau - NOR - SUB 2,0.93,94,200.0,200.0,300.0,58.836274621002765,5.0
102,North,DBSH,26,HD - Hai Duong - NOR,0.93,132,1200.0,1100.0,1300.0,204.78611768874998,13.0
103,North,DBSH,28,HP - Hai Phong - NOR,0.93,100,1300.0,1200.0,1300.0,95.38973828710914,14.0
104,North,DBSH,42,BN - Bac Ninh - NOR,0.93,74,1300.0,1200.0,1300.0,117.02275612603277,16.0
105,North,DBSH,45,HY - Hung Yen - NOR,0.93,89,700.0,700.0,800.0,64.09221890703361,10.0
106,North,DBSH,62,THB - Thai Binh - NOR,0.93,108,1300.0,1200.0,1300.0,127.69281905777507,15.0
107,North,DBSH,100,NAD - Nam Dinh - NOR,0.93,133,2600.0,2500.0,2700.0,161.81657940426157,16.0
108,North,DBSH,140,QUN - Ha Long - NOR,0.93,94,1200.0,1100.0,1200.0,96.59602346640577,15.0
109,North,DBSH,143,NIB - Ninh Binh - NOR,0.93,83,700.0,600.0,700.0,109.13368817832489,10.0
110,North,DBSH,149,VIP - Vinh Phuc - NOR,0.93,97,1700.0,1600.0,1700.0,117.9140017473353,18.0
111,North,DBSH,161,HAN - Ha Nam - NOR,0.93,61,900.0,900.0,900.0,81.40928644371252,12.0
112,North,DBSH,243,BN - Luong Tai - NOR - SUB 2,0.93,109,900.0,800.0,900.0,90.32815590897758,9.0
113,North,DBSH,245,HP - Vinh Bao - NOR - SUB 2,0.93,64,300.0,300.0,300.0,84.04625156506293,6.0
114,North,DBSH,251,HY - Yen My - NOR - SUB 2,0.93,97,900.0,900.0,900.0,63.231858227570456,10.0
115,North,DBSH,255,HD - Chi Linh - NOR - SUB 2,0.93,70,400.0,400.0,400.0,34.97384988812644,6.0
116,North,DBSH,283,QUN - Cam Pha - NOR,0.93,71,600.0,600.0,600.0,52.78798905754206,9.0
117,North,DBSH,285,QUN - Uong Bi - NOR,0.93,78,400.0,400.0,500.0,97.37521826187226,8.0
118,North,DBSH,331,QUN - Mong Cai - NOR,0.93,72,300.0,300.0,300.0,28.26441608362643,7.0
119,North,DBSH,333,QUN - Tien Yen - NOR - SUB 2,0.93,54,100.0,100.0,200.0,17.3485157974456,4.0
120,North,DBSH,335,QUN - Dong Trieu - NOR - SUB 2,0.93,88,300.0,300.0,300.0,24.057812042004002,6.0
121,North,DBSH,337,QUN - Hai Ha - NOR - SUB 2,0.93,102,200.0,200.0,200.0,16.387265979945845,3.0
122,North,DBSH,339,VIP - Lap Thach - NOR - SUB 2,0.93,21,300.0,300.0,400.0,174.33047316853322,7.0
123,North,DBSH,343,NAD - Hai Hau - NOR - SUB 2,0.93,112,900.0,900.0,900.0,87.58863310520337,13.0
124,North,DBSH,355,THB - Hung Ha - NOR - SUB 2,0.93,51,500.0,400.0,500.0,69.96198734745214,6.0
125,North,DBSH,363,NIB - Gia Vien - NOR - SUB 2,0.93,65,300.0,300.0,300.0,21.14574256380274,6.0
126,North,DBSH,443,HD - Kim Thanh - NOR - SUB 2,0.93,64,400.0,300.0,400.0,93.85688366212024,7.0
127,North,DBSH,499,NIB - Kim Son - NOR - SUB 2,0.93,102,400.0,300.0,400.0,39.6514074060517,7.0
128,North,DBSH,1005,BN - Que Vo - NOR - SUB 2,0.93,79,400.0,400.0,500.0,90.10710716983964,9.0
129,North,DBSH,1009,BN - Tu Son - NOR - SUB 2,0.93,92,900.0,900.0,900.0,77.06353329194144,12.0
130,North,DBSH,1010,HP - An Duong - NOR - SUB 2,0.93,94,600.0,600.0,600.0,51.798975426282595,10.0
131,North,DBSH,1012,HP - Le Chan - NOR - SUB 2,0.93,116,1000.0,1000.0,1100.0,91.76729455403483,12.0
132,North,DBSH,1013,HP - Thuy Nguyen - NOR - SUB 2,0.93,83,700.0,700.0,700.0,59.6421589136329,8.0
133,North,DBSH,1088,HD - Cam Giang - NOR - SUB 2,0.93,76,500.0,400.0,500.0,96.15039062964021,8.0
134,North,DBSH,1127,HD - Ninh Giang - NOR - SUB 2,0.93,98,300.0,200.0,300.0,47.9210127221064,5.0
135,North,DBSH,1137,HP - Kien Thuy - NOR - SUB 2,0.93,80,1000.0,900.0,1100.0,132.94101258035482,12.0
136,North,DBSH,1138,HAN - Ly Nhan - NOR - SUB 2,0.93,54,300.0,200.0,300.0,62.882877894733575,5.0
137,North,DBSH,1139,HY - My Hao - NOR - SUB 2,0.93,72,1200.0,1200.0,1300.0,121.92337290974912,12.0
138,North,DBSH,1158,THB - Tien Hai - NOR - SUB 2,0.93,88,500.0,500.0,600.0,81.7959577054851,6.0
139,North,DBSH,1216,HD - Gia Loc - NOR - SUB 2,0.93,79,500.0,500.0,600.0,54.8531052306653,6.0
140,North,DBSH,1221,NAD - Vu Ban - NOR - SUB 2,0.93,105,500.0,500.0,500.0,64.57337935018816,7.0
141,North,DBSH,1222,NAD - Nghia Hung - NOR - SUB 2,0.93,80,600.0,600.0,600.0,52.88714859624565,8.0
142,North,DBSH,1223,VIP - Phuc Yen - NOR - SUB 2,0.93,110,300.0,300.0,300.0,28.209402517759827,5.0
143,North,DBSH,1251,QUN - Ba Che - NOR - SUB 2,0.93,10,0.0,0.0,0.0,15.05138407352371,1.0
144,North,NMM,104,BAG - Bac Giang - NOR,0.93,88,1200.0,1100.0,1200.0,85.82494425818504,17.0
145,North,NMM,108,THN - Thai Nguyen - NOR,0.93,81,1400.0,1300.0,1500.0,222.5898619578403,21.0
146,North,NMM,151,PTH - Phu Tho - NOR,0.93,91,900.0,900.0,900.0,68.01933225510038,11.0
147,North,NMM,163,HOB - Hoa Binh - NOR,0.93,96,400.0,400.0,400.0,35.797259901608356,6.0
148,North,NMM,175,SOL - Son La - NOR,0.93,114,300.0,300.0,300.0,25.294425857498535,7.0
149,North,NMM,177,DIB - Dien Bien - NOR,0.93,79,300.0,300.0,300.0,30.325714576379482,9.0
150,North,NMM,218,LAC - Lai Chau - NOR,0.93,100,100.0,100.0,200.0,14.536017602145705,4.0
151,North,NMM,220,TUQ - Tuyen Quang - NOR,0.93,105,400.0,400.0,400.0,64.28263383824202,6.0
152,North,NMM,230,LAS - Lang Son - NOR,0.93,124,800.0,700.0,800.0,99.3367898697763,11.0
153,North,NMM,232,HAG - Ha Giang - NOR,0.93,99,200.0,200.0,200.0,15.404670586460782,4.0
154,North,NMM,247,YEB - Yen Bai - NOR,0.93,104,300.0,300.0,300.0,25.64084029192884,4.0
155,North,NMM,249,LCA - Lao Cai - NOR,0.93,96,700.0,600.0,700.0,32.37493647194901,9.0
156,North,NMM,269,BAK - Bac Kan - NOR,0.93,123,200.0,200.0,300.0,41.37492508260786,4.0
157,North,NMM,271,CAB - Cao Bang - NOR,0.93,116,400.0,300.0,400.0,52.06477438334732,6.0
158,North,NMM,329,BAG - Luc Ngan - NOR - SUB 2,0.93,84,200.0,200.0,200.0,20.031608348928046,5.0
159,North,NMM,341,PTH - Thanh Ba - NOR - SUB 2,0.93,90,400.0,400.0,400.0,34.2648086968356,8.0
160,North,NMM,345,THN - Pho Yen - NOR - SUB 2,0.93,38,600.0,500.0,600.0,91.26687895363843,8.0
161,North,NMM,347,THN - Phu Luong - NOR - SUB 2,0.93,108,300.0,300.0,300.0,48.838659370625535,5.0
162,North,NMM,357,PTH - Thanh Son - NOR - SUB 2,0.93,101,400.0,400.0,400.0,31.364757663815226,8.0
163,North,NMM,359,DIB - Tuan Giao - NOR - SUB 2,0.93,21,100.0,0.0,100.0,27.460233466954648,3.0
164,North,NMM,361,BAG - Hiep Hoa - NOR - SUB 2,0.93,55,600.0,600.0,600.0,69.73351677888098,10.0
165,North,NMM,365,DIB - Muong Cha - NOR - SUB 2,0.93,72,0.0,0.0,0.0,9.000182237749627,2.0
166,North,NMM,413,BAG - Son Dong - NOR - SUB 2,0.93,112,100.0,100.0,100.0,12.063522365283102,2.0
167,North,NMM,421,HOB - Lac Thuy - NOR - SUB 2,0.93,90,200.0,200.0,300.0,23.018926387401457,5.0
168,North,NMM,423,SOL - Moc Chau - NOR - SUB 2,0.93,89,200.0,200.0,200.0,13.29264568891449,7.0
169,North,NMM,425,LCA - Bao Thang - NOR - SUB 2,0.93,76,100.0,100.0,200.0,13.179760387077522,4.0
170,North,NMM,435,HOB - Tan Lac - NOR - SUB 2,0.93,25,100.0,100.0,200.0,23.889959167589723,4.0
171,North,NMM,467,LAS - Binh Gia - NOR - SUB 2,0.93,66,100.0,0.0,100.0,13.300137975901006,2.0
172,North,NMM,470,LAS - Van Lang - NOR - SUB 2,0.93,107,300.0,300.0,400.0,57.13663226117425,3.0
173,North,NMM,473,LAC - Than Uyen - NOR - SUB 2,0.93,53,0.0,0.0,0.0,9.160316986578945,1.0
174,North,NMM,476,LAC - Tan Uyen - NOR - SUB 2,0.93,45,0.0,0.0,0.0,5.629432512479424,1.0
175,North,NMM,479,HAG - Bac Me - NOR - SUB 2,0.93,74,0.0,0.0,0.0,4.191733315901573,2.0
176,North,NMM,482,HAG - Bac Quang - NOR - SUB 2,0.93,90,100.0,100.0,100.0,16.92498542668045,4.0
177,North,NMM,485,HAG - Quan Ba - NOR - SUB 2,0.93,18,0.0,0.0,0.0,14.936880708885385,2.0
178,North,NMM,488,DIB - Muong Nhe - NOR - SUB 2,0.93,22,0.0,0.0,0.0,6.782350422083539,4.0
179,North,NMM,495,THN - Dong Hy - NOR - SUB 2,0.93,5,0.0,-0.0,100.0,114.06476036605719,4.0
180,North,NMM,526,BAG - Luc Nam - NOR - SUB 2,0.93,57,400.0,300.0,400.0,99.6520529758345,10.0
181,North,NMM,570,SOL - Song Ma - NOR - SUB 2,0.93,22,100.0,100.0,100.0,44.31727090904221,2.0
182,North,NMM,574,SOL - Mai Son - NOR - SUB 2,0.93,32,100.0,0.0,100.0,40.2489152308267,5.0
183,North,NMM,578,SOL - Bac Yen - NOR - SUB 2,0.93,5,0.0,0.0,0.0,16.324991693561966,1.0
184,North,NMM,582,SOL - Muong La - NOR - SUB 2,0.93,20,0.0,0.0,100.0,15.278704945092837,2.0
185,North,NMM,586,DIB - Tua Chua - NOR - SUB 2,0.93,40,0.0,0.0,0.0,4.327156012912847,1.0
186,North,NMM,590,DIB - Dien Bien Dong - NOR - SUB 2,0.93,31,0.0,0.0,0.0,5.286589905976422,1.0
187,North,NMM,594,TUQ - Son Duong - NOR - SUB 2,0.93,87,200.0,200.0,200.0,35.162528828022,5.0
188,North,NMM,598,TUQ - Chiem Hoa - NOR - SUB 2,0.93,80,100.0,100.0,200.0,21.449901351473386,4.0
189,North,NMM,602,TUQ - Yen Son - NOR - SUB 2,0.93,90,200.0,200.0,200.0,38.642930239498234,4.0
190,North,NMM,622,LCA - Sapa - NOR - SUB 2,0.93,102,100.0,100.0,100.0,9.156844438275442,4.0
191,North,NMM,626,LCA - Bao Yen - NOR - SUB 2,0.93,54,100.0,100.0,100.0,17.63265638322579,2.0
192,North,NMM,630,LCA - Van Ban - NOR - SUB 2,0.93,51,100.0,0.0,100.0,22.584110250304768,5.0
193,North,NMM,634,LCA - Bac Ha - NOR - SUB 2,0.93,94,100.0,100.0,100.0,6.732326720365668,4.0
194,North,NMM,642,LCA - Bat Xat - NOR - SUB 2,0.93,75,100.0,100.0,100.0,8.965366157218542,2.0
195,North,NMM,646,LCA - Muong Khuong - NOR - SUB 2,0.93,46,0.0,0.0,0.0,5.726579264892908,2.0
196,North,NMM,654,YEB - Van Yen - NOR - SUB 2,0.93,68,100.0,100.0,100.0,22.13792063900181,4.0
197,North,NMM,658,YEB - Van Chan - NOR - SUB 2,0.93,110,200.0,200.0,200.0,16.314440212583406,3.0
198,North,NMM,711,HAG - Vi Xuyen - NOR - SUB 2,0.93,77,100.0,100.0,100.0,10.257327794540657,3.0
199,North,NMM,867,LAS - Cao Loc - NOR - SUB 2,0.93,96,300.0,200.0,300.0,68.61839694925965,6.0
200,North,NMM,871,LAS - Loc Binh - NOR - SUB 2,0.93,94,100.0,100.0,100.0,7.892624816707041,3.0
201,North,NMM,1016,YEB - Mu Cang Chai - NOR - SUB 2,0.93,38,0.0,0.0,0.0,6.880911884769453,2.0
202,North,NMM,1017,YEB - Luc Yen - NOR - SUB 2,0.93,25,100.0,100.0,100.0,13.771088141268484,5.0
203,North,NMM,1018,YEB - Yen Binh - NOR - SUB 2,0.93,60,100.0,100.0,100.0,21.18242294190466,5.0
204,North,NMM,1019,TUQ - Na Hang - NOR - SUB 2,0.93,48,0.0,0.0,0.0,8.812160639513081,2.0
205,North,NMM,1020,TUQ - Ham Yen - NOR - SUB 2,0.93,42,100.0,100.0,200.0,30.353431539075725,4.0
206,North,NMM,1021,TUQ - Lam Binh - NOR - SUB 2,0.93,80,0.0,0.0,0.0,4.37110380225782,1.0
207,North,NMM,1026,BAK - Ngan Son - NOR - SUB 2,0.93,55,0.0,0.0,0.0,10.303738247711347,1.0
208,North,NMM,1027,BAK - Na Ri - NOR - SUB 2,0.93,107,0.0,0.0,0.0,4.196586488712811,1.0
209,North,NMM,1029,BAK - Cho Moi - NOR - SUB 2,0.93,61,100.0,0.0,100.0,10.26446248383325,1.0
210,North,NMM,1031,BAK - Cho Don - NOR - SUB 2,0.93,105,100.0,100.0,100.0,7.695989706692075,2.0
211,North,NMM,1032,SOL - Quynh Nhai - NOR - SUB 2,0.93,88,0.0,0.0,0.0,6.83503753576665,1.0
212,North,NMM,1033,BAK - Ba Be - NOR - SUB 2,0.93,77,0.0,0.0,100.0,6.8209612552619205,2.0
213,North,NMM,1034,SOL - Thuan Chau - NOR - SUB 2,0.93,17,100.0,100.0,100.0,24.95333075916813,3.0
214,North,NMM,1035,HAG - Yen Minh - NOR - SUB 2,0.93,30,100.0,100.0,100.0,26.622806326177287,2.0
215,North,NMM,1036,SOL - Phu Yen - NOR - SUB 2,0.93,33,100.0,100.0,100.0,17.4754210904203,7.0
216,North,NMM,1037,HAG - Meo Vac - NOR - SUB 2,0.93,61,100.0,0.0,100.0,15.137674115426732,2.0
217,North,NMM,1038,SOL - Sop Cop - NOR - SUB 2,0.93,57,0.0,0.0,0.0,4.823695817234608,1.0
218,North,NMM,1039,HAG - Dong Van - NOR - SUB 2,0.93,81,100.0,100.0,100.0,17.371029607387314,3.0
219,North,NMM,1040,SOL - Yen Chau - NOR - SUB 2,0.93,80,100.0,100.0,100.0,7.1769547476989715,2.0
220,North,NMM,1041,HAG - Hoang Su Phi - NOR - SUB 2,0.93,5,0.0,0.0,0.0,10.667757885577997,1.0
221,North,NMM,1042,HAG - Xin Man - NOR - SUB 2,0.93,3,0.0,0.0,0.0,8.920703300105805,1.0
222,North,NMM,1043,HAG - Quang Binh - NOR - SUB 2,0.93,30,0.0,0.0,0.0,7.921136314915142,2.0
223,North,NMM,1046,LAC - Phong Tho - NOR - SUB 2,0.93,8,0.0,0.0,0.0,10.977350716866791,4.0
224,North,NMM,1049,LAS - Bac Son - NOR - SUB 2,0.93,50,100.0,100.0,100.0,9.143713822401384,2.0
225,North,NMM,1050,LAC - Nam Nhun - NOR - SUB 2,0.93,56,0.0,0.0,0.0,3.632666475479553,1.0
226,North,NMM,1051,LAS - Chi Lang - NOR - SUB 2,0.93,85,100.0,100.0,100.0,8.461758712917714,2.0
227,North,NMM,1052,LAC - Muong Te - NOR - SUB 2,0.93,7,0.0,0.0,0.0,9.432859566610787,2.0
228,North,NMM,1053,LAS - Dinh Lap - NOR - SUB 2,0.93,58,0.0,0.0,100.0,12.607398155040025,2.0
229,North,NMM,1054,LAS - Huu Lung - NOR - SUB 2,0.93,76,100.0,100.0,100.0,19.68697171597132,3.0
230,North,NMM,1055,LAS - Trang Dinh - NOR - SUB 2,0.93,75,100.0,100.0,100.0,19.927095770495825,2.0
231,North,NMM,1056,LAS - Van Quan - NOR - SUB 2,0.93,72,100.0,100.0,100.0,16.960774350950274,2.0
232,North,NMM,1057,CAB - Tra Linh - NOR - SUB 2,0.93,33,0.0,0.0,0.0,7.5464646170890255,1.0
233,North,NMM,1058,CAB - Ha Quang - NOR - SUB 2,0.93,55,0.0,0.0,0.0,7.000699781285626,1.0
234,North,NMM,1059,CAB - Thong Nong - NOR - SUB 2,0.93,58,0.0,0.0,0.0,3.0645720625182347,1.0
235,North,NMM,1060,CAB - Thach An - NOR - SUB 2,0.93,61,0.0,0.0,0.0,4.755225894694679,2.0
236,North,NMM,1061,CAB - Quang Uyen - NOR - SUB 2,0.93,109,0.0,0.0,0.0,4.361181435914716,2.0
237,North,NMM,1062,CAB - Trung Khanh - NOR - SUB 2,0.93,23,100.0,100.0,100.0,25.237648630708684,2.0
238,North,NMM,1063,CAB - Ha Lang - NOR - SUB 2,0.93,70,0.0,0.0,0.0,5.586777416370808,2.0
239,North,NMM,1065,CAB - Bao Lac - NOR - SUB 2,0.93,10,0.0,0.0,100.0,38.86045694023293,2.0
240,North,NMM,1066,CAB - Bao Lam - NOR - SUB 2,0.93,23,0.0,0.0,0.0,12.209920154569657,1.0
241,North,NMM,1067,CAB - Phuc Hoa - NOR - SUB 2,0.93,91,0.0,0.0,0.0,3.2722404018060303,1.0
242,North,NMM,1082,CAB - Nguyen Binh - NOR - SUB 2,0.93,24,0.0,0.0,0.0,6.683533694259381,2.0
243,North,NMM,1103,SOL - Van Ho - NOR - SUB 2,0.93,10,0.0,0.0,0.0,21.98377238400828,2.0
244,North,NMM,1105,YEB - Tran Yen - NOR - SUB 2,0.93,71,100.0,100.0,100.0,8.340066342463587,2.0
245,North,NMM,1126,HOB - Luong Son - NOR - SUB 2,0.93,70,100.0,100.0,100.0,22.642880744147558,2.0
246,North,NMM,1128,LAC - Sin Ho Thap - NOR - SUB 2,0.93,16,0.0,0.0,0.0,2.1101937854053854,2.0
247,North,NMM,1130,BAK - Pac Nam - NOR - SUB 2,0.93,93,0.0,0.0,0.0,3.8290698181216434,1.0
248,North,NMM,1140,LCA - Si Ma Cai - NOR - SUB 2,0.93,46,0.0,0.0,0.0,5.549027928784253,1.0
249,North,NMM,1141,HOB - Mai Chau - NOR - SUB 2,0.93,58,100.0,100.0,100.0,7.37956283135574,2.0
250,North,NMM,1170,HOB - Da Bac - NOR - SUB 2,0.93,2,inf,-100.0,200.0,296.7463211956435,2.0
251,North,NMM,1198,THN - Dai Tu - NOR - SUB 2,0.93,98,100.0,100.0,200.0,24.509736701822032,3.0
252,North,NMM,1224,PTH - Tam Nong - NOR - SUB 2,0.93,73,300.0,300.0,300.0,58.95509261116153,6.0
253,North,NMM,1253,THN - Thai Nguyen 2 - NOR,0.93,83,300.0,200.0,300.0,122.93873380626154,5.0
254,North,NMM,1255,THN - Vo Nhai - NOR - SUB 2,0.93,15,100.0,0.0,100.0,24.56422574864042,7.0
255,South,DNB,13,BD - Binh Duong - SOU,0.93,60,1000.0,1000.0,1100.0,102.60284229359475,18.0
256,South,DNB,20,DN - Dong Nai - SOU,0.93,60,1400.0,1300.0,1500.0,210.66984017079474,25.0
257,South,DNB,22,VT - Vung Tau - SOU,0.93,64,1100.0,1000.0,1200.0,216.42162910470026,23.0
258,South,DNB,48,LA - Long An - SOU,0.93,115,800.0,800.0,800.0,55.59204299990279,14.0
259,South,DNB,145,BIP - Binh Phuoc - SOU,0.93,98,500.0,500.0,600.0,39.05064027139315,11.0
260,South,DNB,165,TAN - Tay Ninh - SOU,0.93,41,800.0,700.0,800.0,77.79038208980042,14.0
261,South,DNB,211,BIT - Binh Thuan - SOU,0.93,116,700.0,600.0,800.0,111.14923867375529,12.0
262,South,DNB,275,DN - Long Thanh - SOU - SUB 2,0.93,84,500.0,500.0,600.0,103.55059433254914,16.0
263,South,DNB,277,BD - Ben Cat - SOU - SUB 2,0.93,48,800.0,800.0,900.0,102.10085114611125,18.0
264,South,DNB,287,DN - Long Khanh - SOU - SUB 2,0.93,114,200.0,200.0,200.0,15.838684100584828,6.0
265,South,DNB,307,VT - Long Dien - SOU - SUB 2,0.93,98,300.0,300.0,300.0,34.07254370202827,6.0
266,South,DNB,315,LA - Kien Tuong - SOU - SUB 2,0.93,139,100.0,100.0,100.0,18.31339324589906,5.0
267,South,DNB,371,DN - Dinh Quan - SOU - SUB 2,0.93,90,200.0,200.0,200.0,30.094154143497917,6.0
268,South,DNB,397,BIP - Phuoc Long - SOU - SUB 2,0.93,100,500.0,500.0,600.0,43.26627494439276,11.0
269,South,DNB,399,BIP - Bu Dang - SOU - SUB 2,0.93,74,200.0,200.0,300.0,27.557665809497067,7.0
270,South,DNB,401,BIP - Binh Long - SOU - SUB 2,0.93,88,300.0,300.0,300.0,23.988953942551348,8.0
271,South,DNB,403,BIT - Tuy Phong - SOU - SUB 2,0.93,108,500.0,500.0,600.0,120.83329007987881,9.0
272,South,DNB,405,BIT - Tanh Linh - SOU - SUB 2,0.93,120,200.0,200.0,300.0,61.03874137123421,4.0
273,South,DNB,407,BIT - La Gi - SOU - SUB 2,0.93,111,400.0,400.0,400.0,33.12340557162206,6.0
274,South,DNB,415,LA - Duc Hoa - SOU - SUB 2,0.93,73,500.0,400.0,500.0,113.74772337966438,14.0
275,South,DNB,417,TAN - Tan Bien - SOU - SUB 2,0.93,55,200.0,200.0,200.0,38.02440820927859,3.0
276,South,DNB,419,TAN - Go Dau - SOU - SUB 2,0.93,56,400.0,300.0,400.0,113.94026735480485,7.0
277,South,DNB,461,BD - Di An - SOU - SUB 2,0.93,40,900.0,700.0,1000.0,237.37023533792387,24.0
278,South,DNB,463,LA - Can Giuoc - SOU - SUB 2,0.93,58,700.0,600.0,800.0,167.01834391058316,19.0
279,South,DNB,546,BIP - Loc Ninh - SOU - SUB 2,0.93,88,200.0,200.0,200.0,17.09666483886923,5.0
280,South,DNB,550,VT - Phu My - SOU - SUB 2,0.93,111,400.0,400.0,400.0,26.869929112362,9.0
281,South,DNB,554,DN - Vinh Cuu - SOU - SUB 2,0.93,76,200.0,200.0,200.0,31.956388848619525,6.0
282,South,DNB,693,BIT - Ham Thuan Nam - SOU - SUB 2,0.93,118,200.0,200.0,200.0,29.4310387594157,5.0
283,South,DNB,696,BIT - Ham Thuan Bac - SOU - SUB 2,0.93,107,400.0,400.0,400.0,86.54704832920925,5.0
284,South,DNB,699,BIT - Duc Linh - SOU - SUB 2,0.93,102,200.0,200.0,200.0,38.8651602828693,5.0
285,South,DNB,702,VT - Xuyen Moc - SOU - SUB 2,0.93,88,200.0,200.0,300.0,52.211299177336684,6.0
286,South,DNB,756,TAN - Tan Chau - SOU - SUB 2,0.93,49,200.0,100.0,200.0,65.47890152056338,6.0
287,South,DNB,759,DN - Trang Bom - SOU - SUB 2,0.93,56,500.0,400.0,600.0,183.18228038950434,13.0
288,South,DNB,781,BD - Nam Tan Uyen - SOU - SUB 2,0.93,45,600.0,600.0,700.0,63.38889218262284,14.0
289,South,DNB,989,BIT - Phu Quy - SOU - SUB 2,0.93,77,100.0,100.0,100.0,25.54181942177981,1.0
290,South,DNB,995,TAN - Ben Cau - SOU - SUB 2,0.93,81,200.0,200.0,200.0,15.90648894542511,4.0
291,South,DNB,1070,BD - Thuan Giao - SOU - SUB 2,0.93,24,1000.0,900.0,1100.0,171.8481190350683,23.0
292,South,DNB,1071,BD - Phu Giao - SOU - SUB 2,0.93,69,200.0,100.0,200.0,40.735111512066645,5.0
293,South,DNB,1075,LA - Thu Thua - SOU - SUB 2,0.93,102,400.0,400.0,400.0,28.169080989643533,10.0
294,South,DNB,1076,LA - Thanh Hoa - SOU - SUB 2,0.93,130,200.0,200.0,200.0,26.93629713710982,6.0
295,South,DNB,1156,VT - Chau Duc - SOU - SUB 2,0.93,93,200.0,200.0,200.0,32.901111755834144,5.0
296,South,DNB,1159,DN - Phu Thanh - SOU - SUB 2,0.93,111,200.0,200.0,200.0,16.099329576391803,7.0
297,South,DNB,1160,VT - Con Dao - SOU - SUB 2,0.93,35,0.0,0.0,0.0,20.235299793247687,1.0
298,South,DNB,1177,DN - Thong Nhat - SOU - SUB 2,0.93,88,200.0,200.0,200.0,24.77764069950204,6.0
299,South,DNB,1178,DN - Nhon Trach - SOU - SUB 2,0.93,60,400.0,300.0,400.0,95.14711168380737,9.0
300,South,DNB,1179,DN - Long Binh Tan - SOU - SUB 2,0.93,40,500.0,400.0,600.0,167.75508977121822,16.0
301,South,DNB,1180,DN - Xuan Loc - SOU - SUB 2,0.93,39,200.0,100.0,200.0,91.5811510162948,7.0
302,South,DNB,1184,LA - Vinh Hung - SOU - SUB 2,0.93,120,100.0,100.0,200.0,20.367686007157886,5.0
303,South,DNB,1193,DN - Cam My - SOU - SUB 2,0.93,84,200.0,200.0,200.0,18.66236913129582,5.0
304,South,DNB,1196,LA - Duc Hue - SOU - SUB 2,0.93,78,100.0,100.0,100.0,20.7072274927946,4.0
305,South,DNB,1212,BIT - Da Mi - SOU - SUB 2,0.93,61,100.0,100.0,100.0,27.88007277762576,1.0
306,South,DNB,1213,VT - Ba Ria - SOU - SUB 2,0.93,103,300.0,300.0,300.0,31.15132975530605,7.0
307,South,DNB,1219,BIP - Chon Thanh - SOU - SUB 2,0.93,87,200.0,200.0,300.0,46.92969540279847,7.0
308,South,DNB,1241,TAN - Duong Minh Chau - SOU - SUB 2,0.93,39,200.0,100.0,200.0,61.287809256383795,6.0
309,South,DNB,1262,BD - Bac Tan Uyen - SOU - SUB 2,0.93,7,100.0,0.0,100.0,101.51710381551683,3.0
310,South,MT,39,CT - CTH - SOU - DP,0.93,66,1200.0,1000.0,1300.0,308.30168587338306,19.0
311,South,MT,51,TG - Tien Giang - SOU,0.93,109,500.0,500.0,500.0,36.81850139759654,10.0
312,South,MT,58,VIL - Vinh Long - SOU,0.93,93,700.0,600.0,700.0,51.538317991085705,11.0
313,South,MT,84,BET - Ben Tre - SOU,0.93,123,500.0,500.0,600.0,35.823548320496684,9.0
314,South,MT,88,DOT - Dong Thap - SOU,0.93,110,1000.0,1000.0,1100.0,106.89026365845893,13.0
315,South,MT,92,TRV - Tra Vinh - SOU,0.93,119,600.0,600.0,700.0,48.2862926799678,10.0
316,South,MT,96,SOT - Soc Trang - SOU,0.93,106,500.0,400.0,500.0,37.30581153371952,9.0
317,South,MT,138,ANG - An Giang - SOU,0.93,50,600.0,600.0,700.0,73.22372635833176,12.0
318,South,MT,153,KIG - Kien Giang - SOU,0.93,120,700.0,700.0,700.0,54.93782319038337,11.0
319,South,MT,289,CT - O Mon - SOU - SUB 2,0.93,24,100.0,100.0,200.0,105.83686714054095,6.0
320,South,MT,291,HGI - Hau Giang - SOU,0.93,119,300.0,200.0,300.0,39.551889006047084,6.0
321,South,MT,303,BAL - Bac Lieu - SOU,0.93,71,500.0,400.0,500.0,47.35151996868442,10.0
322,South,MT,305,CAM - Ca Mau - SOU,0.93,72,500.0,500.0,500.0,44.86313640702394,9.0
323,South,MT,313,DOT - Tam Nong - SOU - SUB 2,0.93,103,800.0,800.0,800.0,67.38463062061555,14.0
324,South,MT,325,TG - Cai Lay - SOU - SUB 2,0.93,97,300.0,200.0,300.0,47.73324457540434,7.0
325,South,MT,349,ANG - Chau Doc - SOU - SUB 2,0.93,128,700.0,700.0,700.0,90.91286399395261,13.0
326,South,MT,351,BAL - Gia Rai - SOU - SUB 2,0.93,129,500.0,500.0,600.0,81.1744639928163,17.0
327,South,MT,353,BAL - Hong Dan - SOU - SUB 2,0.93,114,300.0,200.0,300.0,34.23492214088879,8.0
328,South,MT,367,CAM - Thoi Binh - SOU - SUB 2,0.93,12,100.0,0.0,100.0,60.89178781681497,3.0
329,South,MT,369,CAM - Cai Nuoc - SOU - SUB 2,0.93,77,200.0,200.0,200.0,21.715297550450032,6.0
330,South,MT,373,BET - Mo Cay Nam - SOU - SUB 2,0.93,120,300.0,300.0,300.0,24.81686825789575,5.0
331,South,MT,389,HGI - Long My - SOU - SUB 2,0.93,121,100.0,100.0,100.0,13.876918958685906,3.0
332,South,MT,391,HGI - Phung Hiep - SOU - SUB 2,0.93,94,500.0,500.0,500.0,49.146349020898946,14.0
333,South,MT,393,VIL - Tra On - SOU - SUB 2,0.93,81,200.0,200.0,200.0,21.735760698206946,7.0
334,South,MT,395,TRV - Tieu Can - SOU - SUB 2,0.93,118,400.0,300.0,400.0,31.27127139709944,8.0
335,South,MT,447,TG - Go Cong - SOU - SUB 2,0.93,118,300.0,300.0,300.0,26.64715257931823,6.0
336,South,MT,503,DOT - Sa Dec - SOU - SUB 2,0.93,113,600.0,600.0,700.0,47.46639071077993,11.0
337,South,MT,507,KIG - Giong Rieng - SOU - SUB 2,0.93,82,400.0,400.0,400.0,75.82881592892676,9.0
338,South,MT,511,BET - Binh Dai - SOU - SUB 2,0.93,118,300.0,300.0,300.0,23.072212809694406,5.0
339,South,MT,522,CT - Thot Not - SOU - SUB 2,0.93,118,300.0,300.0,300.0,30.068785757595947,6.0
340,South,MT,662,KIG - U Minh Thuong - SOU - SUB 2,0.93,115,400.0,300.0,400.0,79.12098812054793,10.0
341,South,MT,666,TRV - Duyen Hai - SOU - SUB 2,0.93,139,300.0,300.0,300.0,40.708178736727405,8.0
342,South,MT,705,KIG - Hon Dat - SOU - SUB 2,0.93,109,200.0,200.0,200.0,17.167995124787467,5.0
343,South,MT,708,KIG - Ha Tien - SOU - SUB 2,0.93,65,100.0,100.0,200.0,18.885864684437415,4.0
344,South,MT,747,TG - Tan Phuoc - SOU - SUB 2,0.93,89,300.0,300.0,400.0,33.16121531281688,9.0
345,South,MT,750,ANG - Phu Tan - SOU - SUB 2,0.93,106,700.0,700.0,800.0,53.746159034462835,13.0
346,South,MT,753,SOT - Tran De - SOU - SUB 2,0.93,119,400.0,400.0,500.0,66.51012201706459,10.0
347,South,MT,771,CAM - Dam Doi - SOU - SUB 2,0.93,20,0.0,0.0,0.0,1.1192009891422567,1.0
348,South,MT,875,KIG - Kien Luong - SOU - SUB 2,0.93,106,200.0,200.0,200.0,16.415643287445107,4.0
349,South,MT,940,SOT - Thanh Tri - SOU - SUB 2,0.93,131,300.0,300.0,300.0,42.03352157462032,7.0
350,South,MT,956,CAM - Tran Van Thoi - SOU - SUB 2,0.93,69,200.0,100.0,200.0,38.607668828274655,5.0
351,South,MT,972,CAM - Nam Can - SOU - SUB 2,0.93,17,100.0,0.0,100.0,52.01318567797204,4.0
352,South,MT,977,KIG - Kien Hai - SOU - SUB 2,0.93,27,0.0,0.0,0.0,7.836420980114926,1.0
353,South,MT,979,ANG - Tri Ton - SOU - SUB 2,0.93,53,200.0,100.0,200.0,48.353525656225216,4.0
354,South,MT,988,KIG - Phu Quoc - SOU - SUB 2,0.93,79,600.0,600.0,700.0,63.19449601974566,11.0
355,South,MT,1003,BET - Cho Lach - SOU - SUB 2,0.93,86,300.0,200.0,300.0,23.704520089274013,5.0
356,South,MT,1074,CT - Phong Dien - SOU - SUB 2,0.93,65,0.0,0.0,100.0,15.99438768841364,3.0
357,South,MT,1152,VIL - Binh Minh - SOU - SUB 2,0.93,84,200.0,200.0,200.0,32.11032810385533,4.0
358,South,MT,1172,KIG - An Thoi - SOU - SUB 2,0.93,45,200.0,200.0,200.0,41.659905305881956,4.0
359,South,MT,1175,TG - Cai Be - SOU - SUB 2,0.93,105,300.0,300.0,300.0,51.55076704332441,8.0
360,South,MT,1195,BET - Giong Trom - SOU - SUB 2,0.93,105,300.0,200.0,300.0,23.09096921900789,5.0
361,South,MT,1218,SOT - Ke Sach - SOU - SUB 2,0.93,107,300.0,300.0,400.0,49.50825489320571,8.0
362,South,MT,1228,CAM - U Minh - SOU - SUB 2,0.93,6,100.0,0.0,100.0,66.45791240051216,5.0
363,South,MT,1237,TG - Cho Gao - SOU - SUB 2,0.93,98,300.0,200.0,300.0,24.16175179303491,8.0
364,South,MT,1256,ANG - Binh Hoa - SOU - SUB 2,0.93,43,100.0,100.0,100.0,15.800085377118824,6.0
365,South,MT,1266,VIL - Mang Thit - SOU - SUB 2,0.93,3,100.0,100.0,100.0,31.868149418654177,2.0
366,South,MT,1267,VIL - Tam Binh - SOU - SUB 2,0.93,21,100.0,100.0,100.0,17.99688237489441,3.0
367,South,MT,1269,ANG - Tan Chau - SOU - SUB 2,0.93,30,100.0,100.0,200.0,69.78436917948562,4.0
368,South,MT,1270,ANG - An Phu - SOU - SUB 2,0.93,20,200.0,200.0,200.0,39.93124562882474,4.0
369,South,MT,1271,KIG - An Bien - SOU - SUB 2,0.93,16,0.0,0.0,100.0,80.02687674386048,3.0
370,South,MT,1272,KIG - Tan Hiep - SOU - SUB 2,0.93,20,100.0,100.0,200.0,72.53176550049169,4.0
371,South,MT,1274,CT - Cai Rang - SOU - SUB 2,0.93,41,100.0,100.0,100.0,73.08566355265408,3.0
372,South,MTTN,32,DNG - DAD - SOU - DP,0.93,148,500.0,400.0,500.0,66.07124009126619,7.0
373,South,MTTN,213,QUA - Tam Ky - SOU,0.93,35,100.0,100.0,200.0,60.00217225032305,5.0
374,South,MTTN,224,QNG - Quang Ngai - SOU,0.93,105,500.0,400.0,500.0,82.52014402925444,14.0
375,South,MTTN,226,KOT - Kon Tum - SOU,0.93,94,300.0,200.0,300.0,64.75182310156475,8.0
376,South,MTTN,228,QUA - Hoi An - SOU,0.93,74,200.0,200.0,200.0,44.5103915880631,5.0
377,South,MTTN,234,GIL - Gia Lai - SOU,0.93,98,600.0,600.0,700.0,103.33494769154959,9.0
378,South,MTTN,309,DAK - Dak Lak - SOU,0.93,135,1200.0,1200.0,1200.0,74.05268644340413,14.0
379,South,MTTN,311,LAD - Lam Dong - SOU,0.93,105,1000.0,900.0,1000.0,57.27938206681824,16.0
380,South,MTTN,317,DAN - Dak Nong - SOU,0.93,48,300.0,200.0,300.0,50.14145811664026,7.0
381,South,MTTN,319,BID - Quy Nhon - SOU,0.93,71,700.0,700.0,800.0,103.27061725558224,12.0
382,South,MTTN,321,PHY - Tuy Hoa - SOU,0.93,120,300.0,300.0,400.0,76.66262766631921,6.0
383,South,MTTN,323,KHH - NTR - SOU - DP,0.93,118,700.0,600.0,700.0,114.99884400377144,11.0
384,South,MTTN,327,NIT - Phan Rang - SOU,0.93,110,400.0,400.0,500.0,97.61891625696404,9.0
385,South,MTTN,375,DAK - Lak - SOU - SUB 2,0.93,106,100.0,100.0,200.0,24.182225337912822,3.0
386,South,MTTN,377,DAK - Buon Ho - SOU - SUB 2,0.93,56,200.0,200.0,200.0,53.260868239415174,6.0
387,South,MTTN,379,QNG - Mo Duc - SOU - SUB 2,0.93,53,100.0,100.0,100.0,32.88145554062192,5.0
388,South,MTTN,381,QNG - Binh Son - SOU - SUB 2,0.93,71,200.0,100.0,200.0,30.21002193311518,7.0
389,South,MTTN,383,KOT - Ngoc Hoi - SOU - SUB 2,0.93,64,100.0,100.0,100.0,11.819875183246173,2.0
390,South,MTTN,385,LAD - Bao Loc - SOU - SUB 2,0.93,27,400.0,400.0,500.0,59.7411080186389,7.0
391,South,MTTN,387,NIT - Ninh Phuoc - SOU - SUB 2,0.93,46,100.0,100.0,100.0,48.387226587432195,4.0
392,South,MTTN,409,KHH - Cam Ranh - SOU - SUB 2,0.93,65,200.0,200.0,300.0,62.55832959374004,5.0
393,South,MTTN,411,QUA - Nui Thanh - SOU - SUB 2,0.93,14,0.0,0.0,0.0,28.339191067478964,2.0
394,South,MTTN,427,QUA - Que Son - SOU - SUB 2,0.93,47,200.0,100.0,200.0,46.96905267499277,4.0
395,South,MTTN,429,DAN - Dak Mil - SOU - SUB 2,0.93,65,100.0,100.0,200.0,44.16496771432888,4.0
396,South,MTTN,431,QUA - Bac Tra My - SOU - SUB 2,0.93,4,0.0,0.0,0.0,4.851583008577157,1.0
397,South,MTTN,433,GIL - An Khe - SOU - SUB 2,0.93,100,200.0,200.0,200.0,46.41492719193843,4.0
398,South,MTTN,437,DAK - Ea Kar - SOU - SUB 2,0.93,90,200.0,200.0,300.0,42.40627061971666,11.0
399,South,MTTN,439,DAK - Buon Don - SOU - SUB 2,0.93,11,0.0,0.0,0.0,6.374672854040589,1.0
400,South,MTTN,441,LAD - Duc Trong - SOU - SUB 2,0.93,82,400.0,300.0,400.0,37.38357897082847,5.0
401,South,MTTN,530,BID - Phu Cat - SOU - SUB 2,0.93,66,300.0,300.0,400.0,70.76443783971476,7.0
402,South,MTTN,534,PHY - Tuy An - SOU - SUB 2,0.93,118,200.0,100.0,200.0,25.53007128567222,4.0
403,South,MTTN,538,GIL - Chu Se - SOU - SUB 2,0.93,69,100.0,100.0,100.0,33.22606423528872,3.0
404,South,MTTN,670,PHY - Dong Hoa - SOU - SUB 2,0.93,116,200.0,200.0,200.0,32.42266239029826,4.0
405,South,MTTN,674,QUA - Hiep Duc - SOU - SUB 2,0.93,37,0.0,0.0,0.0,11.46060868280874,1.0
406,South,MTTN,678,LAD - Lam Ha - SOU - SUB 2,0.93,26,100.0,100.0,200.0,59.691745194495724,4.0
407,South,MTTN,682,LAD - Da Teh - SOU - SUB 2,0.93,81,200.0,200.0,200.0,20.254480219446133,5.0
408,South,MTTN,686,QNG - Ba To - SOU - SUB 2,0.93,20,0.0,0.0,100.0,10.280632337654353,2.0
409,South,MTTN,714,QUA - Nam Giang - SOU - SUB 2,0.93,52,0.0,0.0,0.0,6.193243342810376,2.0
410,South,MTTN,717,QUA - Dai Loc - SOU - SUB 2,0.93,57,100.0,100.0,100.0,21.089041827941408,4.0
411,South,MTTN,744,DAN - Dak Glong - SOU - SUB 2,0.93,3,0.0,-0.0,0.0,7.018771822391528,1.0
412,South,MTTN,773,NIT - Ninh Son - SOU - SUB 2,0.93,69,100.0,100.0,100.0,25.915669732677696,3.0
413,South,MTTN,887,DNG - Hoa Vang - SOU - SUB 2,0.93,85,200.0,200.0,300.0,56.79658329726519,6.0
414,South,MTTN,891,DAK - Ea Hleo - SOU - SUB 2,0.93,115,100.0,100.0,100.0,14.934388011217203,2.0
415,South,MTTN,894,GIL - Duc Co - SOU - SUB 2,0.93,93,100.0,100.0,100.0,12.654235443217868,2.0
416,South,MTTN,898,GIL - Chu Prong - SOU - SUB 2,0.93,101,100.0,100.0,100.0,17.18998519331251,3.0
417,South,MTTN,902,KOT - Dak Glei - SOU - SUB 2,0.93,40,0.0,0.0,0.0,13.785589259242887,2.0
418,South,MTTN,906,KOT - Kon Plong - SOU - SUB 2,0.93,47,0.0,0.0,100.0,17.850354491306586,3.0
419,South,MTTN,910,KOT - Sa Thay - SOU - SUB 2,0.93,33,0.0,0.0,0.0,18.299329452385177,2.0
420,South,MTTN,912,GIL - Ayun Pa - SOU - SUB 2,0.93,107,200.0,200.0,200.0,28.12453632004531,4.0
421,South,MTTN,916,DAK - Ea Sup - SOU - SUB 2,0.93,21,0.0,0.0,0.0,15.031168495180934,2.0
422,South,MTTN,928,DAN - Krong No - SOU - SUB 2,0.93,64,100.0,100.0,100.0,28.412423808847052,6.0
423,South,MTTN,932,LAD - Di Linh - SOU - SUB 2,0.93,120,200.0,200.0,200.0,13.612645624136803,3.0
424,South,MTTN,948,GIL - Ia Grai - SOU - SUB 2,0.93,44,100.0,100.0,100.0,33.399707304194635,2.0
425,South,MTTN,952,GIL - Dak Doa - SOU - SUB 2,0.93,86,100.0,100.0,200.0,31.796295959406486,4.0
426,South,MTTN,982,BID - Hoai An - SOU - SUB 2,0.93,130,200.0,200.0,200.0,37.03152708370692,6.0
427,South,MTTN,983,BID - Vinh Thanh - SOU - SUB 2,0.93,107,100.0,100.0,100.0,27.210550022814765,3.0
428,South,MTTN,984,BID - An Lao - SOU - SUB 2,0.93,47,0.0,0.0,0.0,6.467549034562593,1.0
429,South,MTTN,985,QNG - Ly Son - SOU - SUB 2,0.93,34,0.0,0.0,0.0,16.39309092791497,1.0
430,South,MTTN,986,PHY - Song Hinh - SOU - SUB 2,0.93,121,100.0,100.0,100.0,18.95314639772214,3.0
431,South,MTTN,987,KHH - Van Ninh - SOU - SUB 2,0.93,93,200.0,100.0,200.0,30.91913066645859,4.0
432,South,MTTN,990,KHH - Ninh Hoa - SOU - SUB 2,0.93,96,200.0,200.0,300.0,57.52442493454901,6.0
433,South,MTTN,994,DAN - Tuy Duc - SOU - SUB 2,0.93,9,0.0,0.0,0.0,13.68044313524055,3.0
434,South,MTTN,999,DAK - MDrak - SOU - SUB 2,0.93,50,0.0,0.0,0.0,9.935071054784602,4.0
435,South,MTTN,1001,QUA - Nong Son - SOU - SUB 2,0.93,19,0.0,0.0,0.0,18.1441649042367,1.0
436,South,MTTN,1004,DNG - Lien Chieu - SOU - DP,0.93,86,1100.0,1000.0,1200.0,166.5792925807864,14.0
437,South,MTTN,1078,QUA - Phuoc Son - SOU - SUB 2,0.93,23,0.0,0.0,0.0,18.148998870247194,1.0
438,South,MTTN,1143,KOT - Ia Hdrai - SOU - SUB 2,0.93,15,0.0,0.0,100.0,29.982799417186158,2.0
439,South,MTTN,1144,KOT - Dak To - SOU - SUB 2,0.93,50,100.0,100.0,100.0,21.22034414622909,5.0
440,South,MTTN,1146,BID - Van Canh - SOU - SUB 2,0.93,105,0.0,0.0,0.0,8.003260858400266,2.0
441,South,MTTN,1147,KHH - Khanh Vinh - SOU - SUB 2,0.93,22,0.0,0.0,100.0,31.496930690335194,1.0
442,South,MTTN,1149,QUA - Dong Giang - SOU - SUB 2,0.93,15,0.0,0.0,100.0,40.86972123491218,3.0
443,South,MTTN,1154,KHH - Cam Lam - SOU - SUB 2,0.93,82,200.0,100.0,200.0,41.63941801567849,3.0
444,South,MTTN,1155,PHY - Song Cau - SOU - SUB 2,0.93,114,100.0,100.0,200.0,25.15461142417189,4.0
445,South,MTTN,1171,KHH - Binh Ba - SOU - SUB 2,0.93,71,0.0,0.0,0.0,3.148429531255521,1.0
446,South,MTTN,1185,QUA - Duy Xuyen - SOU - SUB 2,0.93,37,200.0,100.0,200.0,78.10688819657594,5.0
447,South,MTTN,1194,KHH - Khanh Son - SOU - SUB 2,0.93,82,0.0,0.0,0.0,7.305369729194724,1.0
448,South,MTTN,1199,LAD - Dam Rong - SOU - SUB 2,0.93,3,0.0,0.0,0.0,7.018771822391528,4.0
449,South,MTTN,1201,DAK - Krong Ana - SOU - SUB 2,0.93,82,100.0,100.0,100.0,25.13568608974015,5.0
450,South,MTTN,1238,DNG - NHS - SOU - DP,0.93,135,500.0,400.0,500.0,56.77183718195067,6.0
451,South,MTTN,1249,KHH - Nam Nha Trang - SOU - DP,0.93,115,400.0,400.0,500.0,110.62995015327175,10.0
452,South,MTTN,1250,KHH - Dien Khanh - SOU - SUB 2,0.93,72,200.0,100.0,200.0,50.03846439181081,6.0
453,South,MTTN,1257,LAD - Don Duong - SOU - SUB 2,0.93,42,200.0,100.0,200.0,65.45157581505966,7.0
454,South,MTTN,1259,LAD - Bao Lam - SOU - SUB 2,0.93,8,0.0,-0.0,0.0,0.6201464191240911,1.0
455,South,MTTN,1261,BID - An Nhon - SOU - SUB 2,0.93,22,200.0,100.0,300.0,131.2639361436991,7.0
